issue_key,commit_id
MESOS-22,2222fea9019a85fe1e26f563a81fba19aff0541a
MESOS-35,8cd34c31c4adcd95329c0bf20bf3907e835767d1
MESOS-33,e95c872aa71a25faa0e0c3c5a1f4ca8aca3ee1a1
MESOS-81,dbbf95f97659e819b62849958b7a77e1afbaacc3
MESOS-79,c7799f146c206624f7a086602a955f845feea7e1
MESOS-78,cd2634ad14258ab3516183e3a41da28133f080bf
MESOS-76,dd4e3d87ba6a2c4f7a9e771347ae86aea2a362da
MESOS-64,19afc38e5c47caabe8869f788ae15914841ed4b5
MESOS-63,939ba5cac2e2727bf54217a1b872f4a4f9bd4616
MESOS-59,74244c656ed1f66de6f2053d35423f8c1253d225
MESOS-56,187236521aaf559cdae2cae33f133fc7cdcccfdc
MESOS-50,66f668570eba14253c4e1cc07f2515a8e99e9b65
MESOS-37,63f80b50e8014098e6aa845844a5e25748ac7a83
MESOS-326,bf8f2f5704d2583aad45d39424f9f504d8f32a62
MESOS-153,558162e1e6d0891556bc2c1a501a814e2bc04541
MESOS-132,cdcec0d18db5adcfcb0419cfcf398ed3fed54131
MESOS-131,66ae8330598ef716a283779f796419e56b614905
MESOS-130,6b1762bcac23faae83af5549f0920a0ca37bf660
MESOS-126,7b2f3e1427b908d736413aa16e961611fca9bcf1
MESOS-661,3aee3c4c3c0c2fb1ba7acc3afa9c3daed84d636c
MESOS-650,270b7594c8eb3dd0d4db8461c3ee1108fa16b45d
MESOS-616,cda26734c44b9b3c7f7217633b7af7261fdd01b1
MESOS-455,21e58c131f5093091ee0dd18d92cf1d9be866d26
MESOS-460,1647e682d6f02057f7375e53cf81d9048e53863c
MESOS-870,e1875ce9f06eec3db6c185aa39c6115741e21d3d
MESOS-859,d0cb03f9535ae1b6997f60f4de50ca96f6b19e70
MESOS-858,52c286d01d3a1e719ab8265664fadc27207bf3b2
MESOS-851,853c606c0a8de6346aeefac9b48874d4d4ac38d5
MESOS-844,cd6495e677ec74fd3f40b0dbf3b9654475308575
MESOS-831,9204faf46ccc28eccf6e6cf6775ee00b416cf759
MESOS-799,c3505e319d759e68425aa3b7177fc4377bf8db77
MESOS-789,15c0ab2db2b5596812d879a42d79b887c9a84bce
MESOS-767,bcd4dc19e10c4b54b90fae713d14477b849147c2
MESOS-958,1d7dab831838e75f7739113e5d5e3b7a437c8919
MESOS-947,4356e4f73c9c683561240e13217c2e7b19ccb036
MESOS-939,c053d7924e8ac6b7da3ac14d7e290e8037e7c3ee
MESOS-936,c21f9633436372f9920003a491eeafde7839e429
MESOS-935,42946ed574e117c51b3f5f0a4be7636b96404d18
MESOS-1436,f9f4bbd45319e05a16d554f5c16010f917ad182c
MESOS-1433,d5eef825c5908f935961e500cdb8b682289d534e
MESOS-1427,54daa9df5f2343e3d6c94896d98c4dbe89e965d2
MESOS-1404,d0046dca732ac4c1636ef85384bda3092ff3fa4f
MESOS-1392,14c605e8ce425ec8c517d8e4f899eb3ddeede56a
MESOS-1388,31e382e95faf1ee1ebb8901bb94ba2b5cefa8607
MESOS-1376,299fe28dc66ca9f9a72bf07205c07f1025a7981a
MESOS-1368,1fa5d5b1de304bcb90638a889677e53756152c6b
MESOS-1359,377ec0e93ed950be98e08049fc412455ce8b2476
MESOS-1341,f9f4bbd45319e05a16d554f5c16010f917ad182c
MESOS-1337,f9f4bbd45319e05a16d554f5c16010f917ad182c
MESOS-1336,1e8e63f339b207904b6666e9226f917fe3e6de43
MESOS-1328,a8cb44346fa5101844d4de145354481f84417fb6
MESOS-1318,e4336578a9ed932b0891e23fd83f7f7148689e0e
MESOS-1310,a3d0d88afcb301399f2c47f999c36342d226f306
MESOS-1469,56ebde5412023e3b32991dbd18f49efcf39dda2c
MESOS-1866,4a9c63ac496297d02e9ccc54f8a80b1061a0d39b
MESOS-1865,da4687c33f2d807eea5ba8328343cb32928585f3
MESOS-1857,1e15ff1be67d94bf7b3b267bdd732b8a15aac93f
MESOS-2161,5d0b5fdb5d8d78b44537cb01916263a3769b5d7d
MESOS-2049,c4b22a82b9701207ae71715e5635a34577aecd8d
MESOS-1273,7578277644e1e0ab3c0cd98edc82d2450b638075
MESOS-1257,ef6423cdc0085a66d895482d4d041e2135072c5c
MESOS-1208,9e68e980a90cf41727fcd74f70740ee7c34f50fe
MESOS-1174,5643f64b14c12dac2bdaea891a55ed91d4551bf8
MESOS-1171,0375e988d24406ff2b0a8fbeb7583d5d24317147
MESOS-1170,53401fdfa4b1adf3e447b3338ff1b9e604e0aea2
MESOS-1169,f105ed77212069af2fc67474416f304b8b830a82
MESOS-1543,fb6738d576502406a7ed5b9bee6fce502095a9e3
MESOS-1533,ee23a2ffb4ef924e47b4f15993537e8ff3af16ec
MESOS-1987,4a1b8a3ef3ce2d2c8299a94d494bef41f869f05d
MESOS-1945,be4053e31a38aba664403eb788b4f76e7b1b05f2
MESOS-1942,8a3dc553400d5261c7fb3da701d68213fd89fef7
MESOS-1720,103d6e06a149c634d540557d311ccadfac8b57c8
MESOS-1712,ded16b00c9dcb48341d40a167de6ea475c85de06
MESOS-1693,883c7256ce12e5ab54cc72ba0629421effd2bfd1
MESOS-1692,abda779d39cfa124801a7e94ab454b1bc2789237
MESOS-1689,52cf9b3ffbbe7648d1b529b5112b1b5b6360eaa5
MESOS-1688,0bdc7adf612cec26f5f3b190c17694e67b14b4b2
MESOS-1673,00634d2c6da4a615d434b58d04958f35ee2b633e
MESOS-979,d57821e407430ab0a1dbc8bc16c81c59fe4013bf
MESOS-973,6e6be62a6e79f31f619d80f2988bf827e16b8d00
MESOS-963,9123a5c6384f2ba95688450ef38bab247d144963
MESOS-1635,1fa5d5b1de304bcb90638a889677e53756152c6b
MESOS-1617,b872ccd0863a05807992791304bb61117ed2f733
MESOS-1613,7814140991217209494f5ec0f266e1d7b0f1d897
MESOS-1558,0ab22141fc3a29ae7ed0213823db8ff52c9a8860
MESOS-2199,de13d78b7c2a87162c77e7f296784913d90901fd
MESOS-2182,7ee432adf123cede5e3e471a48354ffb8ae14586
MESOS-1839,555d0580e4666e6cc8f5d04c30938f53649972a2
MESOS-1774,ab1cf84e7beaa979cabbc2876623c7b30ad5e48b
MESOS-1764,f2bcfc33598cfb7bd36ea761f37b5e07881d32e2
MESOS-1758,63ed98634444f927beb2cf074aacc838fb601329
MESOS-1058,4a70f14b2cef5710daf46b0e35e7b8f750a4f2f0
MESOS-1126,325b60ef7a5e5fece6e13fca2ad84e9f8da92afa
MESOS-1164,dbebd46f2e71f44a7bcc6b1259fc37ecbb9c47c8
MESOS-3512,2c17e5642c1fa7373eca712e9e7fd2edcbaa8955
MESOS-3475,a92ff3cd7388cfcf948e4ffa3dabcad98a29e3a8
MESOS-3430,5f4e1fadc012a833674c7894975e23b3761633c5
MESOS-3349,304032b4893ec282196bbb7fefd889fe5d49b3f5
MESOS-2237,6e00eddfc3af929887ae7f241810795c0984e5df
MESOS-2962,d43b9df4a1cb3a315c33f3244b631faf5004a301
MESOS-2943,971583522b3ada19f91d58fd89c0d3d17f5fef34
MESOS-2862,4e3e4cadc55f443486f7076569d2b4ef9782f7d1
MESOS-2842,5b93d6ac60725679399fe15233267c02cc9918df
MESOS-3328,f480c7f2032b6ab33a56d1612d23c27caa357e0f
MESOS-3326,87de003c6e8a4dfc2d29ae8b0aab1f83ff0c66a3
MESOS-3296,097dd2f1943e45e189183304b6232460f4ae6a03
MESOS-3280,82b6112cabc838f9bfa69a052f22c31784653dab
MESOS-3273,147895b4bd6c421ac15db043b8d243c07e44fd7c
MESOS-3250,c98b33e72549eb32576e767d10a34eaf87cefbd3
MESOS-3239,88a43dfac9c4374389549e274e3d4f897bf61814
MESOS-2627,5c8fc82e5c052de49e74300bd50f6738d6a93a4a
MESOS-4025,77dfe6d155e025dc1331ef6b29e055333268dea2
MESOS-3916,f7af250853a4c340016ae8cf2a456f7d0327ddba
MESOS-3902,32a989aa52c448c65b01c69a871496a68f342ce8
MESOS-3832,b5df7cc09947509667c4ed11de7731b2928bdf6f
MESOS-2771,5c9529777ee84fab428cafb07601e47204afb193
MESOS-3809,68d4fc33a93b53261927d029e8f6d4ea8768d842
MESOS-3799,f530ef964e2419736ac2dd194c3b435c8535726d
MESOS-3790,2e913d5450bac149f9e93fafd83de3239b58f38c
MESOS-3760,fe4be25fa6011787751547b06f70676fd79bb87b
MESOS-3757,2d9da0941aed65cd7fd97a6c171855018d3b45bc
MESOS-3743,80d65f7f832193a27a3ec918dc8f91492f9a746b
MESOS-3691,6ac4b6cdd01d83b4b927de7f6a5ecfefb8bc9178
MESOS-3570,f5b2253f50d75ed6be48cff9904f7dbadfb6e414
MESOS-3171,5aaaa4e4b73d3746bc462721f5001868c339974e
MESOS-3170,7148db0c851eaf56d564a376324d2b21ad518c33
MESOS-3060,5ce7b05864b291bb80be8763cfa057bc30941cb0
MESOS-3051,4f9dd54cad125f9059cb0646d29f3e8ea680128f
MESOS-3005,a16be70efd36a910481112434e1c9184aa3e3014
MESOS-3002,c92f88c6f84f506051f77c34a565a8bb799fadec
MESOS-2973,bfa89f22e9d6a3f365113b32ee1cac5208a0456f
MESOS-2403,11c357bf07e7cbe381a6786aaefb9f5460b68c35
MESOS-2377,39c5e9624ee540419ca8a58c86671166b1bffca2
MESOS-2319,3da05548f6bd1d12493b563a826c5ead9f9d2f24
MESOS-2537,3ded707cab2c1037fd1a699b075895feceb3ae4a
MESOS-2479,7f5e6fb0561ede42f6cb5a46f9ce9893ed49c6de
MESOS-2463,6b675dd1b2d8a392b1c6600266aacacf1378ff4e
MESOS-2426,a0a5f0ae710c88c7d9c5decc8bbbe6c30c2c9048
MESOS-4198,4706504c51446f31253a88a733d7aa30e9fea842
MESOS-4142,1d4f50a27b2c9626b19b79e7a23bfa41cc12b942
MESOS-4106,7aa7957fb9a5bce5a9d8ae5a2560d1bde97d1274
MESOS-4070,dbc5a19149655cde2b76dca4af73c4a7b22529dd
MESOS-4059,82ff5ca906af52ce6ce509d14cc30c7c18ae576e
MESOS-4029,1c975d0474e97f7af929ea30a4043a59dcaef8a9
MESOS-5752,29252ba2695d43073290421e13b748288e5d94ad
MESOS-5748,cc7ca6c21e3cf551753d597a3d17aed09d5160c3
MESOS-5724,2585fedca4d148508a886f7ea6391fd77fa8b308
MESOS-5723,cc7ca6c21e3cf551753d597a3d17aed09d5160c3
MESOS-5691,cc7ca6c21e3cf551753d597a3d17aed09d5160c3
MESOS-5673,8ab25331eab6430e4e3c5bdbc983ae1217e8d0f2
MESOS-5613,5e722cec4120490690955dc3be8e6f84973577d3
MESOS-5571,a86a145770f22273caeb15953aaff33acd2eba42
MESOS-6839,77898ded1886c671da46eecb29670b23a21c4837
MESOS-6816,0dee8b1c96b94edd39c6fe4eed68371423c435ff
MESOS-6803,d35c7c553ce8ea282ebf766c2a4d35e699d7e631
MESOS-6743,72c1d06723a6d9029f75be13fe90df8bbbc12192
MESOS-6715,ead829bfff3256793185dbeb53906016874c48d7
MESOS-6707,ead829bfff3256793185dbeb53906016874c48d7
MESOS-6706,ead829bfff3256793185dbeb53906016874c48d7
MESOS-6705,772c8f554fe19f8c121c57bee97679cde2646fb8
MESOS-6703,ead829bfff3256793185dbeb53906016874c48d7
MESOS-6698,ead829bfff3256793185dbeb53906016874c48d7
MESOS-6697,bc906bf4f3ce662f4adb07ea80698323e3530f4b
MESOS-6677,fc9a3bbf2c7a34ea2fb00992c94284114b02b6dc
MESOS-6676,23f2e5e115087ad372733f39d4d0237f87500b1f
MESOS-5187,f8859b9f6bec0a21584000508d1fbf77aa18ec62
MESOS-5172,61b83489156e68a52058102cefd6cbd2746c054f
MESOS-6274,caaa98bd6e0a3a80f10a94e320d4581883f8453c
MESOS-6269,0877e89ef8356e22d3398bd35aa2a8712b001d8f
MESOS-6246,cd45961809a5dcc8c499e363b82f7975bc96c894
MESOS-6245,b1a12497ec227073ec2e696a539365da36389d35
MESOS-6234,cd45961809a5dcc8c499e363b82f7975bc96c894
MESOS-6233,cd45961809a5dcc8c499e363b82f7975bc96c894
MESOS-6152,e65933c9ae627fad8c3d1a376a7570e53cf190f4
MESOS-6145,f9cb6f4963b08285289b246e228c9b180345bbcd
MESOS-6142,3845ab8af83a6eebfbf32e98f9000ab695cf2661
MESOS-6122,c2c26de6d9ab93f65654020c3c4cf20ed0abb658
MESOS-5945,08dfd59bb6e1bb90a7499db6a38afedc71bdd54f
MESOS-5943,e8d26baac81450d352c16ba526212f11599a0a40
MESOS-5942,719f7c0f335834322088e7921255a1352f4f2b41
MESOS-5939,3f862f332b55b9b6124e098144fac44734553438
MESOS-5937,b780d873b4326747fac7d7aa01303642d3b1512d
MESOS-5930,fe75e14e139d525a4e1738941fd53536016300d6
MESOS-5928,ab73d0cea25b33f7cdddb2d760ae89a8dd4b89ad
MESOS-5927,1e049dba48b45033a08291eab5ff3dc2492122f5
MESOS-5923,248fac1beefbf8648c7cc952cd1d727601da8b1a
MESOS-5922,ab73d0cea25b33f7cdddb2d760ae89a8dd4b89ad
MESOS-5919,3f488e8d3b4bc84ecdcf28bf89ee1ca952beeae7
MESOS-5913,9ca17ffa2cc27ffad43d427a64f544f45528cad4
MESOS-5911,9182f1c392613d8ead3b356a39809acfc27a2c2a
MESOS-5891,40a84db5e35712de711f531c628170d9ccd287c8
MESOS-5881,0f544edb0aef4281a27244138faf7bce904ebaaa
MESOS-5880,b780d873b4326747fac7d7aa01303642d3b1512d
MESOS-5856,842c4cf42766473764fe58d78bad430745abc043
MESOS-5834,52c51ffb3a0e3c9b5d4f6bf6bd5828ba992b949d
MESOS-5804,edec94a60d7816c4e0da0e142e682ad75ced39e4
MESOS-5763,505b8293eeacade75a74c6f56b1febb6a4dd8401
MESOS-6104,e65933c9ae627fad8c3d1a376a7570e53cf190f4
MESOS-6074,f5ce58a16ea6bff45b65a4bab1a5018fae64aa83
MESOS-6057,c4ce258d30072236fab8c954654f2f00000f6361
MESOS-6052,b9e454526369783680f2d15f1d16a2437df43aed
MESOS-6026,bb397f402b168eb95ec84a938de38ef9275b445b
MESOS-6013,7b8d809ad65ad29e972c801703ca91a6ea742dda
MESOS-6010,6c63a3fc7aba4d4cfc2f004362e4a6e3a384bd55
MESOS-6002,8cf23f7f38e7e10405a925909d7b247d149f543b
MESOS-6000,37f2e7d15168e8d9fa76b4fcd61a6c0c6c7c8370
MESOS-5988,b0c86496e1c564c520fe39f2d76dfbceb74a7aee
MESOS-5986,c81ddb64145101c9ef646fa160d5b59d46920476
MESOS-5982,9419ed4105b5a4385e0fffd30292b0d1e0529368
MESOS-5969,4fad7a6453a2d7e646603975826794afeba6706a
MESOS-5959,248fac1beefbf8648c7cc952cd1d727601da8b1a
MESOS-4812,8098ac239563f5770b57d2db65514f4923738c76
MESOS-4807,6202ab1562c4c9355f31553b5d22dd8db137ec91
MESOS-4705,077efe1ff3c61301985691803f866819e4ba49e2
MESOS-4673,d01a6f8d4bae38c7a1f56f87254346f7af3efc87
MESOS-4658,92cff92246761d417d1e1dd8b263b98845380009
MESOS-4638,82ec058e15865744dd1223d2c7a54294eb95d810
MESOS-4583,7276019d601045e1e78fe74777f6990b88392d35
MESOS-4580,7d84f8c16809054881502a49305a4e87e853fbbf
MESOS-6624,0b7fe4131c763dd80c44cfe503fa0796d605fbc7
MESOS-6621,4797383869b684c43078ff58b20c8c60a2da6cb2
MESOS-6616,5940641f68afac470c271ba2d7e33e60b372cc74
MESOS-6606,277dd384cfd4218f0feded3985ade36e802e529e
MESOS-6605,b52e1e003fa37f9b8eb9f774a15186c0a1c33f5b
MESOS-6597,638150c51aa331b663c6223022487693b587eea4
MESOS-6544,250cfcb7bbc4ece56fb43da2cd35aea102d7a289
MESOS-6527,d150036bfbdb595f43e9cb85b999495865dabf54
MESOS-6526,28d9181a11aa3e428a2c2aa6c7d0095ea8e91a62
MESOS-4478,56ebde5412023e3b32991dbd18f49efcf39dda2c
MESOS-5455,57d5862164ebc2c69aa9deba9283d723d49656bf
MESOS-5450,e7b3f3bacab5ea1694ae4ef43b1a19921597509a
MESOS-5449,28a57cf896dd5f6092ba9bcfbb46d1af1ff223c0
MESOS-5405,90871a48f4f1a345950862a53efb78e0b9aadedb
MESOS-5389,264466a3270177b449ec54a1d8f5dda4fccc8ad5
MESOS-5388,2d605f0ba9d343bc316fe30baf8430409a28bc5b
MESOS-5380,e6ab3431100eaf90725eac24af9a1a99994877bc
MESOS-5359,04a3fbf5abef70dc123c48b706d27e88e55d73a2
MESOS-5340,771ecf45382c09eee91539adb406657f71d84abb
MESOS-5330,291c5e7d3125ca2604c2d16f40747cd3118fc878
MESOS-6502,e6e50bd59fcbd31d72a666b93493b46c58621a2b
MESOS-6497,58d5273b217969974265ee26a188b035223a04c4
MESOS-6483,15fdef496e82b108313c5d1e1ee5ff3025a4ad05
MESOS-6482,15fdef496e82b108313c5d1e1ee5ff3025a4ad05
MESOS-6461,f83e49f1a22101c64321b9fdb89089312a0ca867
MESOS-6457,245505840d87f5695210bbb37ece3cf4d197bc63
MESOS-6446,d40a3cb957dd19754bf15fabb99f903b17ec2158
MESOS-6445,d3f6c5c55dcf80bbe47eee93113b700b003586b1
MESOS-6420,df25c4e9a8af8b5f5844601f0e63ab8722d6fc70
MESOS-6419,0dbceafa3b7caba9e541cd64bce3d5421e3b1262
MESOS-6406,48e9542c8eb60cfb089dfdca4ab6895fe68fc2e6
MESOS-6391,eaaf42b2de9998514b7a446362b0eaa26d8fec7c
MESOS-6360,8cf23f7f38e7e10405a925909d7b247d149f543b
MESOS-6324,c9b707aa86d55714ec419ad10190db22ec38108b
MESOS-6323,af2d406282d8da0ed93eacf997bf8f94aa77b492
MESOS-6322,1fe48d388af378176be02b814bb3c7109b90a40d
MESOS-6319,8dd9b65e78e2b91fd68a33224c844969d3b9ffad
MESOS-5063,c0c16c7f170e8baf6ddaa324b34b9329bb00dc96
MESOS-5060,fc17c574aa9634777d1e0fa6feda1e3c7127d7f8
MESOS-5031,60dcd72c372b393f06f8917266176f9c86af186b
MESOS-5028,85e324e2a7ae0fb7cc2fa10630ea1c8993dfdc3c
MESOS-5021,4a8fcce830fd4b94b461900140cdf396c5ed7651
MESOS-5018,14418aa4460d447ea58790b257b39861c4804103
MESOS-4985,33c61a1907129126f3b2e37b1f53827a04e89a34
MESOS-4975,25e00546d09f4fca73a178a14a3d5dd7cdbc2762
MESOS-4973,f83e49f1a22101c64321b9fdb89089312a0ca867
MESOS-4954,76589d75c05fd53dd15026fc18d91f455afa51f8
MESOS-4948,13bedad396cf999ea00a66228cb3a88c01672477
MESOS-4878,f4894ec9b9b6b1e2e980204835e4f81a5215ea81
MESOS-4831,5172b50a618202bf57f6fe9ada940f8d5cab9f97
MESOS-7160,fcf8618be59ada6d1607696b13bc362bf7e85b0b
MESOS-7152,219af8062820e65c28b5654803e2e61d4337d25d
MESOS-7133,277dd384cfd4218f0feded3985ade36e802e529e
MESOS-7130,58b722a4aa6b14e725c004fc3524ffbf86b4898e
MESOS-7119,e2f0c4c34b983b88e8ba605f8a953567d3b847db
MESOS-7099,d2bdaee5429ce11adc4d44754d82f9e0ad82d204
MESOS-7077,8362e2f7b22bc929fa4ebace304ec533368dc71b
MESOS-7057,7bb3c043275450e07f42c2d9ec8951590e8b1da6
MESOS-8253,57d32d2ef220891254a4bf85a3d46fca475a32c4
MESOS-8237,18b488ff974640ac3d028b8426ed24209d063dca
MESOS-8171,b3ad6d5610fd109784c0644a17bb1fc84f14edb5
MESOS-8165,3df8bddd9ee2a5f66f3e144a0f63188566bd29ee
MESOS-8135,e603b46fae199428a30458328bfe4ba8dfe3def6
MESOS-8128,ccf0bd14311e4224b2e43c6d4aa507b06c8035c1
MESOS-8125,934681e91254178d7ad7a454d670f79fdbddc4da
MESOS-8090,ea2a6c2f611b0c10d002f34e22a052817e77ef6c
MESOS-8356,99010defac2b08bf72963da823fa7245fbac245b
MESOS-8352,eab2053a3a3ab9534c9c3ce437de725e1df668d9
MESOS-8339,4cf35d148c0b1cb4ac929cc42622b3a3d1e109ed
MESOS-8337,48e9542c8eb60cfb089dfdca4ab6895fe68fc2e6
MESOS-8336,a15eb712afd51048756148a5af9cd60e86c8e90b
MESOS-8325,4695ac0c23b732e18e794f7fe28834123e6586df
MESOS-8293,0af37560f6c253b1233db3cb10396b866fbcb9ec
MESOS-7323,72752fc6deb8ebcbfbd5448dc599ef3774339d31
MESOS-7280,73c962831c5ce8ee47742d9951fec7c38e691c2f
MESOS-7272,24e34cfefc5852a85766f83bcfc5feb0b226de70
MESOS-7265,73953546ebcbe8c42d9aabbcd28fc979a9622257
MESOS-7264,6bdba53daaa444c9d427d4eafb21db1885c5d482
MESOS-7263,6bdba53daaa444c9d427d4eafb21db1885c5d482
MESOS-7261,4e2eddb6f933a179c0f75009914feeac9c5bbf5e
MESOS-7252,8184c06837506840978eb2210f2e889805ccc7cc
MESOS-7237,9350af4ac5ca9768987674a57e6d8c8ba96fe068
MESOS-7225,e126254edd6abdad7f765dfa97ac8f695c88aca7
MESOS-7215,48e9542c8eb60cfb089dfdca4ab6895fe68fc2e6
MESOS-7208,626fcde916563d4466ad0cfbaaf1fc453667711e
MESOS-7197,4e2eddb6f933a179c0f75009914feeac9c5bbf5e
MESOS-7742,7ace6c4c263ebdd8f1605b1c478cb2e7eb9e83a1
MESOS-7735,ccce4ec2ff7ed749e7688e262e9ce34203624589
MESOS-7728,2ec2e48d1793031c55090cd7d8bea6f3dacd249b
MESOS-7711,b43ceb8b97e4eca507a699113adcd311a071936f
MESOS-7703,120da53b7b175c85af57989c9c2d066984928c0e
MESOS-7692,c970c2151a267e8f172e3f544fb918976d201f15
MESOS-7690,7385e86b5941f62e317604b10f6ed19d77aaf437
MESOS-7689,9e468ff2f4d3ff140e0027642c47461651463007
MESOS-7674,5a4fc3d5ebc3d06740e6811fbe873d2067d9abb8
MESOS-7660,e335106aa0406210a5faa10d5657701ca6fbb80c
MESOS-7652,85555007440877c6bb680123a4e04c73ba256345
MESOS-7604,5c8b1e7db88a098a9d3133012af461e5baba9b6b
MESOS-7830,d4cefa055010a0dbe570392a11d11415a875f2c7
MESOS-7828,b10a4ea59231d134662d49417add2ccd7779cde7
MESOS-7803,e71ed38c650f256fef65312980d6ef1d70adf7d9
MESOS-7796,83718691d7d96d35c25d9be5e172429bd7d9a447
MESOS-7783,45c2444ad2eb7988813adae41325c9acd87e46d8
MESOS-7777,51f2627bc9ae8bce67e3d741e30be7bbf6a90614
MESOS-7770,6b42c5fdf8b834ced7bcf62286141d0e72fff3fa
MESOS-7042,22f4edb4e1a6ab0e5208c75d9e5cd96ee9ae770a
MESOS-7008,301347ce9ac573811a4a2c10a4cf7f3f3eb66302
MESOS-6951,6f1715a0798991e3d6f5a8d6af822c1c72aca9ab
MESOS-6950,92feb52d9508793e7046c9b9c6ed2a12c312e283
MESOS-6942,d5d52b4617905372889c0fd4ad56d6aee2b6ddfb
MESOS-6917,7c648e216d4138f3cdb4782365ce4268fdc3ba36
MESOS-6904,f6aaddb922b5265ede77afd83fef941da77ee0c4
MESOS-6874,93aca1eb0efcec941e19e976f683a35ecd9a840b
MESOS-6852,f642afcb55c544c8232412d3ec885f3361ed8d7a
MESOS-6848,c44347b5acb127a41f8ec0833ac78faa67c773b8
MESOS-7431,b06c8b4e626b6c7e05f3b7034287df6562ceca9c
MESOS-7430,786f9f6771988719cd6e0dde2ba333d1717fccfb
MESOS-7427,f26c65bf9da4e57415dd54fa7be2734db3eaae58
MESOS-7422,aca6796b703a8925319087d33d7dc5e5539f50d3
MESOS-7400,ab6afe86dba2c9aba303c075324486cfc9160560
MESOS-7389,c3d87d6a8f23511258ce48f2fdeef6ec2d970d47
MESOS-7383,578c9d0003914cf8e249441cf2f067bef6ba32cd
MESOS-7378,ca7c5ca3ec3cbd9a6d3d0d68b6f3d655de4b5db2
MESOS-7366,86f24f97899684dc517d931393af1eb88fad8ecf
MESOS-7350,15873bac33b89de6444f02a619d19c5827894c4d
MESOS-7346,99acafa5eae1750db9d6cf0ccf51f3e8aba068c1
MESOS-7926,2d435fe84469991ecbbd2a918c54dd56582a8cc5
MESOS-7921,d2132c2f09ad5d2f5a5d51faa452fa897c32b5b8
MESOS-7912,d2058f176d02f3800a60054daf76ccce90cad6ee
MESOS-7909,415177238eabaa2a59265e1a0d437b050e6fead3
MESOS-7872,63d60ea0d0fc256202e73cb8dbed16730af2fc1e
MESOS-7871,db8d097c9565e9b6f60531f9eb3f993a6c60fd72
MESOS-7865,81ed70c39d8936bdebe2ecf3ae64b9da2831f48f
MESOS-7863,2efdde117982eb98bc68e1d77d2dd527205e5292
MESOS-7858,eb88fd74ebc02fc0ce930e265033701539504c56
MESOS-7586,c8178e06be5f9eeb370f81fa3726c06a39318604
MESOS-7581,ced7d69767142c912db0c2e01b95c0f5de791bd9
MESOS-7569,261cc30ce330b21a8daf7b557fe505b5378413d3
MESOS-7546,4bc477e62a9474792069ad389e1a47209f5d6262
MESOS-7538,d9fbff98d44866f501c9cf25627a7b48fbfb2e54
MESOS-7521,43b33be0387ae93c817f1af1ec22019168e854b6
MESOS-9419,f24736d41b109c474f93d7e16fd1e2448074d91e
MESOS-9124,b008c96dfff54ed7e58f4db28c35ca8f116946d2
MESOS-10008,558829eb24f4ad636348497075bbc0428a4794a4
MESOS-8469,e815417b235f9102f7740c55b700af6788bfcabb
MESOS-9555,7a52eefce453731384cf6cd530d13e8247c57e1f
MESOS-8594,0812300e4e1ae06ea5cc741a90fce0a9e833a95c
MESOS-9554,cbc6f1994066c82471c400a9910ae983a1b499fe
MESOS-9185,66728b67714aff385e6846a2a61e853c783eb51b
MESOS-8876,36522a29adcffebcbaaee66d67ee66b40dcdee8f
MESOS-9171,7f5ddf05c32468fa6be865a80503e295be50460c
MESOS-8935,173212549d1da97dae5072e4ee84365831dee757
MESOS-8787,705bf1dfad090c22e58edfe4a53c7ebd6a75fd8f
MESOS-9505,fa6b85bbdd8dc6397e8e77b2689c1b849535b00c
MESOS-9890,f99e181d34a78ef304f9072a6685f33be99ea07f
MESOS-8963,65bb7851df6a671549360ef550ef4cbf244fcede
MESOS-9177,5518181d82eb2a69b7379545335e93f284c23ab9
MESOS-9395,6273b506f2cbd5b140bb8419c90bf22858bd615b
MESOS-9501,2a770e535b89bf90ac57108efc23574bf4bf5f54
MESOS-9616,3a0c2fa2ae338eeab292e7c0d3dae55b66f5886d
MESOS-8598,874dc2cd54422dab26f72a6d8555e1c339b5e8e1
MESOS-9163,808485da01387bd27a51cb82a90b1f8301d613ee
MESOS-9146,7e157148a7640dde2e283512180eb4c1074edc5e
MESOS-8624,2d4ad1559f4fc972dc188c379ae9e476919edd8b
MESOS-7471,7d74abd8fd7e83a4e95459bad66b2a76069ecdff
MESOS-8619,3730107375330858eac2caf2946bc6670e1fe2c6
MESOS-9733,64780a41d3accc150b32be956eeb784a96474199
MESOS-8485,cece83f37bea2ec3e78efeb5db4aea1bbaa4b8d5
MESOS-8605,a25f8b63d5cedeb8f6d2baec003041a726204893
MESOS-9152,ff1364b1ba127e686f52234e841caa14efe7461f
MESOS-9619,6eeee96f98d5df02e937bee6f701b788bfb28de9
MESOS-9127,fad7d7a99206911fec5a99d4cd28a888a135cda4
MESOS-8884,59a27d5616fffdc7e697a23493940ced43e0fa92
MESOS-8874,10f0345d2642bbe94d1e5c9aec6c04e96b490ec6
MESOS-9532,85e8a9547cbfd2b0d182ea75563a4eedcb1001f6
MESOS-9462,f050bf01af8f9f92bbada2c0a2025a459290ed98
MESOS-9564,0635d234e0bd6589bba3c75f1c580990abfc0f73
MESOS-9667,65d0a4475e8b7b46737e8a7708f3b121a3cc17e5
MESOS-9856,c1f552c78bb267285679455eb9f1437c215a78f6
MESOS-9692,929c3e2bf1b39847ede005f01d8a42b4e367b983
MESOS-9750,fa410f2fb8efb988590f4da2d4cfffbb2ce70637
MESOS-9836,9aabaf64b79d4b9f9892220ab55e867d32850587
MESOS-9170,fef5ea1cc6e79c99a462abe49c87d48c42f173c3
MESOS-8545,d1219ad94383aa0e2756e85fd98f21a467ec651e
MESOS-9186,8252cb027afa03056d86fbee93b54e4e6be07e44
MESOS-9925,f8f61cd4c186285694157fa7b72369c61a57e2e0
MESOS-8568,ceda6b997265749290d48545b370fcd2ef42c0df
MESOS-9711,56c34eeaf29b016176123191a7a3cee0874dc150
MESOS-8904,9171af20eda9ee31b75e86dc833e06a6d856d329
MESOS-9156,0b5ad3a8fc629588db97bb17d2100699ed47b39d
MESOS-7464,91cc9a6dc09e33044ddd5aa6c027fcef6c01a5c6
MESOS-8620,968291590e1af29110e8bf68611b3f6d448750d5
MESOS-8510,038f4ee9644c444dabced88c870de34d9775824d
MESOS-9786,365522f2d05e6fe8dbda706029e84f661600fca5
MESOS-9609,508afd50453bc6f3da74e674d26246f0da6d00ce
MESOS-9707,1d4858e991a60d0742c317008ff59f151dcb9d58
MESOS-8651,9844ec3e98f7c8121ea348e0836729c79c8b66c7
MESOS-8601,e048c22a610b0fdca0b7b8c1af7b7dbf4deddebd
MESOS-8686,133379439360d3ddaaff0e4f9c87b518af660bbc
MESOS-7484,91cc9a6dc09e33044ddd5aa6c027fcef6c01a5c6
MESOS-9779,d945c73b27567f28258030c9576771c18f0de9d3
MESOS-10041,d10a33acc426dda9e34db995f16450faf898bb3b
MESOS-10015,3089d3726be38973d9755d778a96ce4a2ec1c01e
MESOS-10083,495db0e983222a5038a26b93e0ca689f2ce009a0
MESOS-9740,07754b845529c4f6331d60aa25a2a7624d82b884
MESOS-9332,8b770e327c348e35db8af301bcd2a8143a7a56e7
MESOS-8987,4bcfefe219a3195f26f33f9cad49d79c0dfea3ef
MESOS-9474,7d98ddddb5ada2d5ec6a7b821635479b7d2aadcc
MESOS-8742,9aa703060413524953ef0364b4687eb63f968391
MESOS-8641,6c824664c8ed4db95bad762b187a703105c9a032
MESOS-9317,49cab93b565d250fd7e88cd8bb9cd49abbdd7da4
MESOS-9131,d1219ad94383aa0e2756e85fd98f21a467ec651e
MESOS-9533,53d99735229d377f47582d93df2435b8f7970778
MESOS-9145,3340c837b4c0d43c174186424994c5e7c725307b
MESOS-9607,f19deafb774a8a683e746138a84fb32efb9d7012
MESOS-8741,e81494ac60e036e6f46677264e4e2e2b8f38a8ba
MESOS-8391,dd6ab9dcc7b8b9ceb40528e0879cd4e9eace8132
MESOS-9267,dbe2f9df667baab845b2f7861eb9ae16301f9c2f
MESOS-9712,9aac730672232435dfab788e9542cde0cd93dfd7
MESOS-8659,a779b2787d4a9c3e8011b6602be158e0354d2158
MESOS-9517,65cf14614d4f36a866124bfd6aaf9e93f70db70b
MESOS-8830,2fc1f5b102fad12712b6ac02e2eeeab45590b606
MESOS-8749,2adbfdcbda9384ce5d29528a4a94b4b21dfca901
MESOS-8871,c32daedd985beeef1ddf95100b3905f3f1526efb
MESOS-8429,16df659276f713fa861ae6eabcb71a2adb16b437
MESOS-8468,e36e3b9989b1097dca9597097dd51d24aaba48fa
MESOS-8952,d1207a1516d124ae7a21cbc749ad72bd0701caba
MESOS-8467,5278b871bd507ff3bcf7e0665624d5ca78507ac0
MESOS-8917,81a007981c931bb56b3f4dee4214cac9459169d3
MESOS-9308,4678201ae811af21ff3b5dcfa4246f4e1ef1a230
MESOS-8552,15b9418f401e64fa35c3eb65ef9ddb7c0dedeb9b
MESOS-9279,00e2b6ce9d9e88635e9f8ecb01386c7d398fcf06
MESOS-8550,5b655ce062ff55cdefed119d97ad923aeeb2efb5
MESOS-10023,495db0e983222a5038a26b93e0ca689f2ce009a0
MESOS-8906,e181f26b6e1cb579b41813a619f68e3ed4b207ce
MESOS-9930,cb7b70db813a8e4d2628e9283e25780cd0ce11b0
MESOS-8921,b058779e4317a398b08eaa03b1b7eaafd0662fe6
MESOS-9281,6e15ff3808f88c1aa1a1c8464276f870f4e96445
MESOS-7504,de278b4aeae58d1518a491380e29a3f67bd1c621
MESOS-9782,1871205b242250b72d1b4b8776746130bc4eb5b4
MESOS-8786,1d18163a43ac6f81ca65ebd2294b94e466e6ee65
MESOS-9492,3fece812524db072c67e0c2d19985906477d3ee1
MESOS-9803,661bac038d16ec590eac8104e5a73f04cc45834d
MESOS-9529,16afc8b277e3a3d74b5b04d8cbd521b98ff2ed36
MESOS-9507,4f27818ccea7b2aa0a10877b880594e29a8df9a5
MESOS-8881,e313487c04f30587c1a42d56fbb1cc15cc708b3d
MESOS-9727,7ea8eb6012e0695bc59c568401cd8c008bc2b578
MESOS-9519,72e8d22668b3d600c7eea58d5b2a87e2c3fa325a
MESOS-9293,5f4c7d696c7fb812f4926b1ae217957ba4b354eb
MESOS-9852,e5a0bfff6d0792a527734d287315a77eaea6a1ac
MESOS-9147,353e203897c21a250c849485045b3426a971ec70
MESOS-8887,f1dc50568dcc90cec7158205dca86a2398a42dcd
MESOS-9196,a09f906f4d0ee7573b3245949f17c48633cc9ac4
MESOS-9130,da13db36d9735ec6f03817fb7da8d7e2ef00831c
MESOS-9324,22f4edb4e1a6ab0e5208c75d9e5cd96ee9ae770a
MESOS-8577,0b94805f67f11a2087402acf432693c91b4a4429
MESOS-9459,3badf7179992e61f30f5a79da9d481dd451c7c2f
MESOS-9889,720755603a59c5cdb0a3785ea7547ee4a6ac1f6d
MESOS-8646,3351073cbc013dd2f16e8240a80bde75726f8e09
MESOS-7506,e9ffd37a91bae8a982116cef975ef3b62c36d121
MESOS-9164,ff1364b1ba127e686f52234e841caa14efe7461f
MESOS-8980,b0fe79e402c14fe876a5bc543874fe1edd8c2b44
MESOS-8907,ba0f78112b766e2a1d6e43c40d7fb2f7569c2580
MESOS-9160,e638a88a0de51ceebfa882d34336aebc78b35ee7
MESOS-9531,6dbd6acb55ba9f1b494317a1cd102b708ca5cdc9
MESOS-9888,d4cb3a34ce00aa6177f6d206c552e309ad250598
MESOS-9518,ea824dca48d1dc839b41fd9fdfff71f2673c40aa
MESOS-8411,3b2b93a54892d6ef6d908ccb418588639a267b06
MESOS-9125,24df6fa1ed8d21c889dfde2efae0b9bc79996815
MESOS-9868,5957b7ff77f6c953a8e3a330d9e631b63894524b
MESOS-8481,cdad468f6140be4b0902fa315c7e7c5a42b62738
MESOS-9956,7df2cff9d0951e3a7d2c45f1bd031e62be3d3ee1
MESOS-9168,9658e8e0e05c8ec9332f40f0884914ccee8f3639
MESOS-9549,969c74ca6a66faec5d4eb515f8552292565cdd60
MESOS-8565,636330c7bdf5f6d2809dd82caad73b7e5f0e4570
MESOS-9870,f9fa16bdfe0be5a02ae7dbb3d58ab9c5cf2427b8
MESOS-9025,abfd6eecb3dce43444084e09d226602ab28f96e2
MESOS-9887,24e989e66507932809c7d852a4a62720de7cb27b
MESOS-9008,22471b83a418e614b19a7ae50b73ee028dc7c363
MESOS-9893,18073ecbc8e35add1d8ebc4e8d23cc111f795839
MESOS-9966,28fcdf64d73df149502d60f4a2a04c9d153cefac
MESOS-9337,f3253f87cd9a05d2fc8cc76821bffb9bc2c36b2a
MESOS-9144,751ef19270ca2a9d82cff5946e1820d28e8e508f
MESOS-8978,a66a61187966b60ed8afe700aa58326b9611b853
MESOS-9537,cc476a5cb20e2e3ded1d4af2e092b480b0d75128
MESOS-8514,9b34b0c05884d92742ac0aa90b0cb762ffc84bc9
MESOS-8687,2132b66c37bfd5ba7ae1cde74aa8ddb8d6c23bce
MESOS-8604,868ec364b17bc231697563f2621705baff2d7183
MESOS-10007,020bb58cc0d60063b148530958aab881eaf347ef
MESOS-9304,6ccb0d516e3c86664e28aac48612b798c946dccc
MESOS-9217,698c1498c20585089db9fca98c35bbab8da46c04
MESOS-9508,fa6b85bbdd8dc6397e8e77b2689c1b849535b00c
MESOS-8945,3a3b4124e182984b2f26842414f77eeb30ca9087
MESOS-9411,e65ab60bff4b1b7d4dc9fd892dd632f0d5d57083
MESOS-9274,5cc0a9d3b16b669837c9a3b05dd5f51c37a42aa5
MESOS-9418,bb35433cef7b07152bc402a1003942ede2844599
MESOS-8010,d47641039f5e2dd18af007250ef7ae2a34258a2d
MESOS-8536,d0fcbdf9c0df166bd48ba3131c9a2ec43ef89571
MESOS-8416,f62c22a9907c069d5553d703126c57762c83838d
MESOS-7972,d41f19e7b37bf8c346f16225de419189c4b4499b
MESOS-8784,9c54841cbdb77a5c8f5fba0089b70330eed2e80b
MESOS-9142,c633bf64d08be31affbd72889478ae2a2c4fa258
MESOS-7453,08b561089de4480a7d4f6ca61f15a3c07fb6502b
MESOS-9766,6ab433439177fa2dccd7cb4a84a96e19773c4c7e
MESOS-9729,1ce5dedd7d3512f84eb18ccdb542fa5a566cd426
MESOS-9980,4cfe8ccbc2a6807f5c4ca3cc5030c35c15bb147f
MESOS-7934,899950df2ae6cfc48f0c845176605367cd52c845
MESOS-9228,454a16a9eecf1684e68082c08f023fb5916a6e28
MESOS-9544,cc476a5cb20e2e3ded1d4af2e092b480b0d75128
MESOS-9024,1dde513c75e0c61bfaeb3595db3e20b4f9eb6543
MESOS-8497,3d147f01395c057ee9bc21cd85579a2c8f031a18
MESOS-9965,2e26323eb98305e531050b62421ea97c63c1b79b
MESOS-9968,e0239013c255c6e912e90a2a2141436bdc94cfbf
MESOS-8035,1f6c5d165f5656ac2a40fc30bd86e40f647e914c
MESOS-9334,8f986cf6bc9d20013f8cf6c885accbc409f158db
MESOS-9000,9e15c0a2f9767bbc10535d83c7d458084a7c4051
MESOS-9785,e37edc0fc5ad580ed8828a6c88694e9d5429d893
MESOS-9116,c73cafd6cba59e9b4b3956d99a62b8848ddc2318
MESOS-8631,e6fcca895e0d178ef1db579576edb91b990584e6
MESOS-9049,c8333e214ddc75a3433dc1aed6967afe3eac0616
MESOS-9480,f689142e40d0e819bcda58df31e4f1edd912d7c4
MESOS-9688,e2b41f5a7cd1051773c8861d023fc15d937cb005
MESOS-9610,67e9856d342beade8d7e2a52bc6fac9e38c07d03
MESOS-9831,4b9c5667e599fc44ee04f1b524c30b95a2c840f8
MESOS-9514,b53139b789b67302d8efca0bde214f9e7b22dfa4
MESOS-8480,1600ebc6901239ae86e4e133c82d3424c56c978e
MESOS-9193,55b167c99445e59b486face02ad41965d049402f
MESOS-9295,e135b7f2175c01fd67b71b22cdc325ac37853a9d
MESOS-9568,bbd7667276f4c3b2ccfa5794aefbff82f54f7459
MESOS-7478,1e00fd5fabde88bf2052c3e1f2530c7333f52f85
MESOS-9808,90a56eb289d1dbd40cb0adcb8fd2f21eaf1ce0cf
MESOS-9231,13be2499b784a33a7b956f01b168d81e5ca4e049
MESOS-9661,bbfa90d5faa422436c7da271d08e3fb94b94fc1c
MESOS-9151,6244c5c894babec52edb1e40a7eb0dcf2b285014
MESOS-9502,795e3e75e45ac1a0632d7f9c20a6635b6eb7b414
